{
  "avg_score": 0.59375,
  "std_score": 0.10825317547305482,
  "max_score": 0.75,
  "fold_scores": [
    0.46875,
    0.5,
    0.6875,
    0.5625,
    0.75
  ],
  "best_fold": 4,
  "target_achieved": 