{
  "0": 0.9235294117647059,
  "1": 2.0076726342710995,
  "2": 0.9235294117647059,
  "3": 0.9235294117647059,
  "4": 0.9235294117647059,
  "5": 0.9235294117647059,
  "6": 0.9235294117647059,
  "7": 0.9235294117647059,
  "8": 0.9235294117647059,
  "9": 0.9235294117647059,
  "10": 0.9235294117647059,
  "11": 0.9235294117647059,
  "12": 0.9235294117647059,
  "13": 1.248012718600954,
  "14": 1.8470588235294119,
  "15": 0.9235294117647059,
  "16": 0.9235294117647059
}